"YEAR","JURISDICTION","Total_Conducted","Positive_Breath_Count","Sum(FINES)","Sum(ARRESTS)","Sum(CHARGES)","% positive breath test results"
2008,"ACT",89354,1887,0,0,0,2.111824876334579
2008,"NSW",4204525,27368,0,0,0,0.6509177612215411
2008,"NT",111662,9460,0,0,0,8.47199584460246
2008,"QLD",2883056,26975,0,0,0,0.9356391273704014
2008,"SA",661839,10467,0,0,0,1.5815024499916144
2008,"TAS",678140,4563,0,0,0,0.6728699088683753
2008,"VIC",3516900,19190,0,0,0,0.5456509994597515
2008,"WA",661386,14532,0,0,0,2.1972040533062387
2009,"ACT",88403,1628,0,0,0,1.8415664626766062
2009,"NSW",4440862,26595,0,0,0,0.5988702193402993
2009,"NT",159374,10990,0,0,0,6.89572954183242
2009,"QLD",3098664,32696,0,0,0,1.0551644192464882
2009,"SA",716186,10954,0,0,0,1.5294909422971128
2009,"TAS",613945,5120,0,0,0,0.8339509239426985
2009,"VIC",3641499,18246,0,0,0,0.5010573942214457
2009,"WA",512595,13039,0,0,0,2.543723602454179
2010,"ACT",97612,1447,0,0,0,1.482399704954309
2010,"NSW",4637033,24411,0,0,0,0.5264357618330514
2010,"NT",181626,10842,0,0,0,5.96940966601698
2010,"QLD",3199185,33638,0,0,0,1.0514552925198137
2010,"SA",731645,10172,0,0,0,1.3902917398465102
2010,"TAS",606991,3895,0,0,0,0.6416899097350702
2010,"VIC",3864296,16297,0,0,0,0.4217327037059273
2010,"WA",551911,11595,0,0,0,2.100882207457362
2011,"ACT",100217,1488,0,0,0,1.4847780316712733
2011,"NSW",4520010,22117,0,0,0,0.4893130767409807
2011,"NT",176358,8914,0,0,0,5.054491432200411
2011,"QLD",3369995,27264,0,0,0,0.8090219718426881
2011,"SA",604722,10034,0,0,0,1.6592748403398587
2011,"TAS",559854,3527,0,0,0,0.6299856748366538
2011,"VIC",3513951,13925,0,0,0,0.3962775804215824
2011,"WA",603484,10644,0,0,0,1.7637584426430528
2012,"ACT",90817,1418,0,0,0,1.5613816796414768
2012,"NSW",4735462,19982,0,0,0,0.42196516411703866
2012,"NT",167667,9332,0,0,0,5.565794103789059
2012,"QLD",3483717,25320,0,0,0,0.7268098987374693
2012,"SA",542219,9267,0,0,0,1.7090880253181833
2012,"TAS",550354,2916,0,0,0,0.5298407933802607
2012,"VIC",3943320,13033,0,0,0,0.33050830264852965
2012,"WA",736209,9737,0,0,0,1.3225863851161832
2013,"ACT",129577,1399,0,0,0,1.0796669161965473
2013,"NSW",5153136,20193,0,0,0,0.3918584722002291
2013,"NT",156719,12395,0,0,0,7.909060165008709
2013,"QLD",3696689,25291,0,0,0,0.6841527648119708
2013,"SA",525003,8890,0,0,0,1.6933236571981494
2013,"TAS",551444,2782,0,0,0,0.5044936566541661
2013,"VIC",3482898,11442,0,0,0,0.32851952598095036
2013,"WA",897397,8636,0,0,0,0.9623388533725876
2014,"ACT",147552,1267,0,0,0,0.8586803296464974
2014,"NSW",5916338,19531,0,0,0,0.33011974637013636
2014,"NT",175914,13562,0,0,0,7.709448935275192
2014,"QLD",3887768,23023,0,0,0,0.5921906862755185
2014,"SA",554882,8154,0,0,0,1.4695016237686571
2014,"TAS",475510,2585,0,0,0,0.5436268427583016
2014,"VIC",3837417,12062,0,0,0,0.3143260166929995
2014,"WA",1236194,11034,0,0,0,0.8925783493529333
2015,"ACT",121416,1134,0,0,0,0.9339790472425381
2015,"NSW",6117884,18750,0,0,0,0.3064785144667666
2015,"NT",181843,14192,0,0,0,7.804534681016041
2015,"QLD",3574901,20357,0,0,0,0.5694423425991377
2015,"SA",563224,8208,0,0,0,1.4573242617502096
2015,"TAS",469610,2327,0,0,0,0.49551755712186707
2015,"VIC",3063830,9315,0,0,0,0.30403122888672024
2015,"WA",1579274,10071,0,0,0,0.6376980815235355
2016,"ACT",116490,1005,0,0,0,0.8627349987123358
2016,"NSW",4908582,17442,0,0,0,0.35533683658539267
2016,"NT",171618,7571,0,0,0,4.4115419128529645
2016,"QLD",3411115,18673,0,0,0,0.547416314020489
2016,"SA",529440,5155,0,0,0,0.9736702931399215
2016,"TAS",512906,2322,0,0,0,0.4527145324874343
2016,"VIC",3054233,10337,0,0,0,0.33844831091799477
2016,"WA",1926480,8912,0,0,0,0.46260537353099956
2017,"ACT",88929,1057,0,0,0,1.1885886493719708
2017,"NSW",4898088,18022,0,0,0,0.36793948985808345
2017,"NT",199016,7846,0,0,0,3.942396591228846
2017,"QLD",2766038,16489,0,0,0,0.5961234082828942
2017,"SA",591574,6007,0,0,0,1.015426641468354
2017,"TAS",462344,2070,0,0,0,0.4477185818351703
2017,"VIC",4230974,9969,0,0,0,0.23561950510686192
2017,"WA",2549578,9062,0,0,0,0.3554313694266267
2018,"ACT",89989,1114,0,0,0,1.237929080220916
2018,"NSW",5538320,17989,0,0,0,0.32480968958095596
2018,"NT",143408,7672,0,0,0,5.349771281936851
2018,"QLD",2652739,16773,0,0,0,0.6322898709597892
2018,"SA",519770,4997,0,0,0,0.9613867672239644
2018,"TAS",450715,1723,0,0,0,0.3822814860832233
2018,"VIC",3546342,7025,0,0,0,0.19809144182935542
2018,"WA",2094996,7550,0,0,0,0.3603825496564194
2019,"ACT",90248,933,0,0,0,1.0338179239429128
2019,"NSW",6014549,17084,0,0,0,0.2840445725855754
2019,"NT",155950,7775,0,0,0,4.9855722988137225
2019,"QLD",2663066,16685,0,0,0,0.6265334768270857
2019,"SA",563324,4985,0,0,0,0.8849259040978193
2019,"TAS",386687,1805,0,0,0,0.46678579833301875
2019,"VIC",3238498,9235,0,0,0,0.2851630601593702
2019,"WA",2135725,6878,0,0,0,0.32204520713106793
2020,"ACT",39355,888,0,0,0,2.256384195146741
2020,"NSW",2839850,13540,0,0,0,0.4767857457260067
2020,"NT",103102,7362,0,0,0,7.1405016391534595
2020,"QLD",1351230,16060,0,0,0,1.1885467314964884
2020,"SA",402700,4400,0,0,0,1.0926247827166624
2020,"VIC",1153190,4976,0,0,0,0.4314987122677096
2020,"WA",1292819,7510,0,0,0,0.5809011160881763
2021,"ACT",16141,767,0,0,0,4.751874109410817
2021,"NSW",2794704,12980,0,0,0,0.46444990238680023
2021,"NT",81987,5492,0,0,0,6.698622952419287
2021,"QLD",1569648,16402,0,0,0,1.0449476570543204
2021,"SA",480023,4062,0,0,0,0.8462094524637361
2021,"VIC",1343080,6363,0,0,0,0.4737618012329869
2021,"WA",1975362,7417,0,0,0,0.3754754824685298
2022,"ACT",35591,847,0,0,0,2.3798151218004553
2022,"NSW",3825522,15794,0,0,0,0.4128586896115092
2022,"NT",65819,5120,0,0,0,7.778908825719018
2022,"QLD",1657920,17007,0,0,0,1.025803416328894
2022,"SA",554774,4556,0,0,0,0.8212353138395094
2022,"VIC",2203908,8280,0,0,0,0.37569626318339966
2022,"WA",2179499,7331,0,0,0,0.33636170514416386
2023,"ACT",58457,742,0,68,742,1.2693090647826608
2023,"NSW",3514706,13971,4098,0,9873,0.39750124192464464
2023,"NT",107714,7722,0,449,1155,7.168984533115473
2023,"QLD",1853203,15859,0,0,0,0.8557616192073939
2023,"SA",598420,4333,1390,251,2943,0.7240733932689415
2023,"VIC",2927202,8257,0,0,0,0.282078244002293
2023,"WA",2014941,8299,2150,155,6149,0.41187310199157195
2024,"ACT",80098,644,0,55,644,0.8040150815251317
2024,"NSW",3432588,12995,3631,0,9364,0.3785773299912486
2024,"NT",105824,8717,231,489,1355,8.237261868763229
2024,"QLD",1868017,15336,0,0,0,0.8209775392836361
2024,"SA",545202,4434,1333,249,2852,0.81327654704128
2024,"VIC",2003310,5407,0,0,0,0.2699033100219137
2024,"WA",2117291,10268,1920,432,8348,0.4849593182987128
