"YEAR","JURISDICTION","Total_Conducted","Positive_Drug_Count","Sum(FINES)","Sum(ARRESTS)","Sum(CHARGES)","% positive drug test results"
2008,"NSW",20333,542,0,0,0,2.665617469138838
2008,"QLD",10747,216,0,0,0,2.009863217642133
2008,"SA",25903,600,0,0,0,2.316334015365016
2008,"TAS",412,211,0,0,0,51.213592233009706
2008,"VIC",25006,438,0,0,0,1.7515796208909862
2008,"WA",9823,406,0,0,0,4.133156876717907
2009,"NSW",24884,613,0,0,0,2.4634303166693456
2009,"QLD",12489,254,0,0,0,2.033789734966771
2009,"SA",43681,1179,0,0,0,2.699114031272178
2009,"VIC",28083,323,0,0,0,1.150162019727237
2009,"WA",7565,289,0,0,0,3.8202247191011236
2010,"NSW",32455,735,0,0,0,2.2646741642273915
2010,"QLD",21655,440,0,0,0,2.0318633110136224
2010,"SA",45124,1699,0,0,0,3.765180391809237
2010,"VIC",41642,741,0,0,0,1.779453436434369
2010,"WA",9773,418,0,0,0,4.277089941676046
2011,"NSW",33528,666,0,0,0,1.9863994273443093
2011,"QLD",25172,825,0,0,0,3.2774511361830605
2011,"SA",44178,2320,0,0,0,5.251482638417312
2011,"TAS",1678,573,0,0,0,34.147794994040524
2011,"VIC",25140,760,0,0,0,3.023070803500398
2011,"WA",7637,460,0,0,0,6.023307581511064
2012,"ACT",1733,37,0,0,0,2.1350259665320253
2012,"NSW",31446,705,0,0,0,2.241938561343255
2012,"QLD",19686,937,0,0,0,4.759727725287006
2012,"SA",43569,3237,0,0,0,7.42959443641121
2012,"TAS",1698,523,0,0,0,30.800942285041227
2012,"VIC",47745,2180,0,0,0,4.565923133312388
2012,"WA",9124,623,0,0,0,6.828145550197282
2013,"ACT",2429,116,0,0,0,4.775627830382874
2013,"NSW",34280,898,0,0,0,2.619603267211202
2013,"QLD",20787,1300,0,0,0,6.2539086929330825
2013,"SA",51179,3737,0,0,0,7.301823013345317
2013,"TAS",1819,639,0,0,0,35.129191863661354
2013,"VIC",39471,2540,0,0,0,6.435104253755922
2013,"WA",7265,539,0,0,0,7.419132828630421
2014,"ACT",2520,392,0,0,0,15.555555555555555
2014,"NSW",38830,2096,0,0,0,5.3978882307494205
2014,"QLD",21225,2208,0,0,0,10.402826855123674
2014,"SA",49777,4681,0,0,0,9.403941579444322
2014,"TAS",3431,1969,0,0,0,57.388516467502185
2014,"VIC",55908,3749,0,0,0,6.705659297417185
2014,"WA",14513,1104,0,0,0,7.6069730586370845
2015,"ACT",2090,258,0,0,0,12.344497607655502
2015,"NSW",62247,9123,0,0,0,14.656128006168972
2015,"QLD",39950,7446,0,0,0,18.638297872340427
2015,"SA",53691,5239,0,0,0,9.75768750814848
2015,"TAS",3738,2318,0,0,0,62.01177100053504
2015,"VIC",106503,7823,0,0,0,7.345332995314687
2015,"WA",29914,2816,0,0,0,9.41365247041519
2016,"ACT",2721,444,0,0,0,16.31753031973539
2016,"NSW",89101,8220,0,0,0,9.225485684784683
2016,"QLD",50812,10663,0,0,0,20.98520034637487
2016,"SA",48690,4310,0,0,0,8.851920312179091
2016,"TAS",3722,2154,0,0,0,57.87211176786674
2016,"VIC",95104,9065,0,0,0,9.531670592193809
2016,"WA",35448,3651,0,0,0,10.299593771157753
2017,"ACT",2919,504,0,0,0,17.26618705035971
2017,"NSW",111176,9273,0,0,0,8.34082895588976
2017,"QLD",62098,11697,0,0,0,18.836355438178362
2017,"SA",49626,4337,0,0,0,8.739370491274736
2017,"TAS",3730,2152,0,0,0,57.69436997319035
2017,"VIC",100475,8252,0,0,0,8.212988305548643
2017,"WA",38576,3311,0,0,0,8.583056822895065
2018,"ACT",3228,877,0,0,0,27.168525402726146
2018,"NSW",115874,9067,0,0,0,7.824878747605157
2018,"QLD",67784,14020,0,0,0,20.683347102561076
2018,"SA",51382,5141,0,0,0,10.005449379160018
2018,"TAS",4005,2408,0,0,0,60.12484394506866
2018,"VIC",109780,11548,0,0,0,10.519220258699216
2018,"WA",40299,4814,0,0,0,11.945705848780367
2019,"ACT",4128,852,0,0,0,20.63953488372093
2019,"NSW",166351,9446,0,0,0,5.678354803998774
2019,"QLD",66959,13366,0,0,0,19.961468958616464
2019,"SA",49062,4985,0,0,0,10.160613101789572
2019,"TAS",4826,2487,0,0,0,51.53336096145876
2019,"VIC",176294,11693,0,0,0,6.632670425539155
2019,"WA",39695,5175,0,0,0,13.036906411386825
2020,"ACT",2866,834,0,0,0,29.09979064898814
2020,"NSW",129618,12652,0,0,0,9.76098998595874
2020,"QLD",31595,8871,0,0,0,28.077227409400223
2020,"SA",34767,5728,0,0,0,16.475393332758077
2020,"TAS",5219,3273,0,0,0,62.71316344127228
2020,"VIC",90749,10256,0,0,0,11.301501944925013
2020,"WA",27795,4919,0,0,0,17.697427594891167
2021,"ACT",808,461,0,0,0,57.05445544554455
2021,"NSW",105407,16997,0,0,0,16.12511503031108
2021,"NT",1995,273,0,0,0,13.684210526315791
2021,"QLD",48147,9847,0,0,0,20.451949238789542
2021,"SA",27814,4226,0,0,0,15.193787301359027
2021,"TAS",4384,2618,0,0,0,59.71715328467153
2021,"VIC",163764,9717,0,0,0,5.9335385066314945
2021,"WA",41409,5326,0,0,0,12.861938225989519
2022,"ACT",2757,390,0,0,0,14.145810663764962
2022,"NSW",111052,9527,0,0,0,8.578863955624392
2022,"NT",1119,181,0,0,0,16.175156389633603
2022,"QLD",62602,12064,0,0,0,19.270949809910228
2022,"SA",64861,5607,0,0,0,8.644640076471223
2022,"TAS",4467,2209,0,0,0,49.45153346765167
2022,"VIC",167648,10628,0,0,0,6.3394731819049435
2022,"WA",43627,6262,0,0,0,14.35349668783093
2023,"ACT",1050,203,0,42,203,19.333333333333332
2023,"NSW",159610,13517,4335,0,9182,8.468767621076374
2023,"QLD",57099,11853,0,27,11853,20.758682288656544
2023,"SA",52578,5329,3254,152,1842,10.135417855376772
2023,"TAS",4925,2223,0,0,0,45.13705583756345
2023,"VIC",150036,8813,0,0,0,5.873923591671333
2023,"WA",45901,5622,0,16,5506,12.248099169952724
2024,"ACT",1567,227,0,36,227,14.486279514996808
2024,"NSW",231258,19387,7300,0,12087,8.3832775514793
2024,"QLD",56662,12063,0,34,12063,21.28940030355441
2024,"SA",52721,5333,3101,120,1879,10.115513742152084
2024,"TAS",5298,2787,0,0,0,52.60475651189128
2024,"VIC",95958,5376,0,0,0,5.6024510723441505
2024,"WA",57219,7238,0,9,6709,12.649644348905085
